"","instrument_name","instrument_label"
"1","general_demographic_and_social_information_1","General Demographic And Social Information 1"
"2","general_family_history_2","General Family History 2"
"3","physical_healthcare_economics_3","Physical Healthcare Economics 3"
"4","general_medical_conditions_4","General Medical Conditions 4"
"5","general_medications_and_supplements_5","General Medications and Supplements 5"
"6","physical_frax_6","Physical FRAX 6"
"7","physical_copd_7","Physical COPD 7"
"8","physical_badl_8","Physical BADL 8"
"9","physical_iadl_9","Physical IADL 9"
"10","physical_activities_10","Physical Activities 10"
"11","physical_gpaq_11","Physical GPAQ 11"
"12","physical_who_das_v2_12","Physical WHO DAS V2 12"
"13","physical_sf12_qol_generic_questionnaire_13","Physical SF12 QOL Generic Questionnaire 13"
"14","psychogeriatric_4_item_life_satisfaction_scale_14","Psychogeriatric 4 Item Life Satisfaction Scale 14"
"15","psychogeriatric_gds_15_1","Psychogeriatric GDS 15 1"
"16","psychogeriatric_scid_15_2","Psychogeriatric SCID 15 2"
"17","physical_whoqol_age_16","Physical WHOQOL Age 16"
"18","physical_psqi_17","Physical PSQI 17"
"19","physical_subjective_memory_cognitive_complaint_18","Physical Subjective Memory Cognitive Complaint 18"
"20","physical_4iadl_and_imrd_19","Physical 4IADL and IMRD 19"
"21","psychogeriatric_mmse_modified_version_20_1","Psychogeriatric MMSE Modified Version 20 1"
"22","biosamples_collection_form_21","Biosamples Collection Form 21"
"23","general_vital_signs_22","General Vital Signs 22"
"24","general_anthromorphic_measures_23","General Anthromorphic Measures 23"
"25","physical_spirometry_pre_bronchodilator_24","Physical Spirometry Pre Bronchodilator 24"
"26","physical_dynamometry_hand_and_knee_25","Physical Dynamometry Hand and Knee 25"
"27","physical_timed_up_and_go_test_26","Physical Timed Up and Go Test 26"
"28","physical_fast_gait_speed_test_27","Physical Fast Gait Speed Test 27"
"29","physical_sppb_28","Physical SPPB 28"
"30","physical_ffq_29_a","Physical FFQ 29 A"
"31","physical_mna_30","Physical MNA 30"
"32","physical_ffq_29_b","Physical FFQ 29 B"
"33","general_substance_use_31","General Substance Use 31"
"34","physical_three_day_food_record_32","Physical Three Day Food Record 32"
"35","healthy_ageing_criteria","Healthy Ageing Criteria"
"36","psychogeriatric_cdr_singapore_version_20_2","Psychogeriatric CDR Singapore Version 20 2"
"37","imaging_brain_mri_and_echo_33","Imaging Brain MRI and Echo 33"
"38","imaging_dexa_34","Imaging DEXA 34"
"39","participant_study_status","Participant Study Status"
"40","participant_event_status","Participant Event Status"
"41","data_entry_instructions","Data Entry Instructions"
